class,precision,recall,f1,support
car,0.995098039,0.757462687,0.860169492,268
crosswalk,0.867549669,1,0.929078014,131
cycle,0.954545455,1,0.976744186,21
emergency exit,0.968253968,0.968253968,0.968253968,63
stop,0.936170213,1,0.967032967,44
traffic green,0.68,0.980769231,0.803149606,52
traffic red,0.652173913,1,0.789473684,30
traffic yellow,0.88,0.846153846,0.862745098,26
truck,0.979381443,1,0.989583333,95
van,0.974358974,0.974358974,0.974358974,39
